TEAM_ID,TEAM_NAME,GP,W,L,W_PCT,MIN,OFF_RATING,DEF_RATING,NET_RATING,AST_PCT,AST_TO,AST_RATIO,OREB_PCT,DREB_PCT,REB_PCT,TM_TOV_PCT,EFG_PCT,TS_PCT,PACE,PIE,CFID,CFPARAMS,SEASON_ID,GAME_DATE
1610612739,Cleveland Cavaliers,1,1,0,1.0,48.0,130.4,111.8,18.6,0.725,1.71,22.3,0.448,0.833,0.662,0.193,0.641,0.683,88.82,0.603,10,Cleveland Cavaliers,22015,2015-11-19
1610612744,Golden State Warriors,1,1,0,1.0,48.0,124.2,116.3,7.9,0.816,1.63,22.3,0.235,0.8,0.557,0.19,0.637,0.698,100.2,0.569,10,Golden State Warriors,22015,2015-11-19
1610612746,Los Angeles Clippers,1,0,1,0.0,48.0,116.3,124.2,-7.9,0.477,1.91,16.1,0.2,0.765,0.443,0.109,0.574,0.594,100.2,0.431,10,Los Angeles Clippers,22015,2015-11-19
1610612748,Miami Heat,1,1,0,1.0,48.0,117.7,107.1,10.7,0.595,3.57,18.4,0.267,0.763,0.494,0.071,0.511,0.56,100.16,0.584,10,Miami Heat,22015,2015-11-19
1610612749,Milwaukee Bucks,1,0,1,0.0,48.0,111.8,130.4,-18.6,0.579,2.0,18.7,0.167,0.552,0.338,0.123,0.541,0.592,88.82,0.397,10,Milwaukee Bucks,22015,2015-11-19
1610612758,Sacramento Kings,1,0,1,0.0,48.0,107.1,117.7,-10.7,0.581,1.39,18.4,0.237,0.733,0.506,0.177,0.583,0.587,100.16,0.416,10,Sacramento Kings,22015,2015-11-19
1610612737,Atlanta Hawks,1,1,0,1.0,48.0,103.5,95.2,8.3,0.605,1.92,17.1,0.235,0.717,0.464,0.121,0.478,0.517,100.74,0.528,10,Atlanta Hawks,22015,2015-11-18
1610612738,Boston Celtics,1,0,1,0.0,48.0,99.5,108.8,-9.4,0.579,1.57,15.9,0.304,0.806,0.524,0.137,0.457,0.497,99.98,0.439,10,Boston Celtics,22015,2015-11-18
1610612751,Brooklyn Nets,1,0,1,0.0,48.0,106.0,112.8,-6.8,0.568,2.78,18.6,0.111,0.78,0.43,0.086,0.511,0.551,103.76,0.452,10,Brooklyn Nets,22015,2015-11-18
1610612766,Charlotte Hornets,1,1,0,1.0,48.0,112.8,106.0,6.8,0.692,1.69,19.4,0.22,0.889,0.57,0.156,0.556,0.605,103.76,0.548,10,Charlotte Hornets,22015,2015-11-18
1610612741,Chicago Bulls,1,1,0,1.0,48.0,104.9,98.7,6.2,0.585,1.2,18.0,0.275,0.72,0.522,0.204,0.548,0.578,98.2,0.554,10,Chicago Bulls,22015,2015-11-18
1610612742,Dallas Mavericks,1,1,0,1.0,48.0,108.8,99.5,9.4,0.595,1.29,17.4,0.194,0.696,0.476,0.175,0.563,0.606,99.98,0.561,10,Dallas Mavericks,22015,2015-11-18
1610612743,Denver Nuggets,1,0,1,0.0,48.0,103.2,115.0,-11.7,0.658,4.17,18.3,0.298,0.767,0.5,0.063,0.413,0.463,94.86,0.414,10,Denver Nuggets,22015,2015-11-18
1610612745,Houston Rockets,1,1,0,1.0,53.0,96.1,93.8,2.2,0.688,1.22,14.9,0.255,0.792,0.515,0.16,0.424,0.503,100.6,0.534,10,Houston Rockets,22015,2015-11-18
1610612754,Indiana Pacers,1,1,0,1.0,48.0,107.9,79.4,28.5,0.667,1.47,18.9,0.308,0.821,0.527,0.183,0.522,0.556,105.42,0.665,10,Indiana Pacers,22015,2015-11-18
1610612750,Minnesota Timberwolves,1,0,1,0.0,53.0,97.9,96.1,1.8,0.583,1.31,15.5,0.244,0.697,0.514,0.155,0.447,0.514,95.75,0.555,10,Minnesota Timberwolves,22015,2015-11-18
1610612740,New Orleans Pelicans,1,0,1,0.0,48.0,103.0,109.3,-6.3,0.488,1.91,16.0,0.227,0.652,0.444,0.11,0.495,0.52,100.28,0.476,10,New Orleans Pelicans,22015,2015-11-18
1610612760,Oklahoma City Thunder,1,1,0,1.0,48.0,109.3,103.0,6.3,0.5,1.36,14.0,0.348,0.773,0.556,0.139,0.488,0.536,100.28,0.524,10,Oklahoma City Thunder,22015,2015-11-18
1610612753,Orlando Magic,1,1,0,1.0,53.0,96.1,97.9,-1.8,0.488,2.22,13.5,0.303,0.756,0.486,0.083,0.414,0.436,95.75,0.445,10,Orlando Magic,22015,2015-11-18
1610612755,Philadelphia 76ers,1,0,1,0.0,48.0,79.4,107.9,-28.5,0.4,0.45,10.9,0.179,0.692,0.473,0.29,0.493,0.512,105.42,0.335,10,Philadelphia 76ers,22015,2015-11-18
1610612756,Phoenix Suns,1,0,1,0.0,48.0,98.7,104.9,-6.2,0.432,1.33,12.5,0.28,0.725,0.478,0.122,0.451,0.484,98.2,0.446,10,Phoenix Suns,22015,2015-11-18
1610612757,Portland Trail Blazers,1,0,1,0.0,53.0,93.8,96.1,-2.2,0.514,0.95,13.1,0.208,0.745,0.485,0.173,0.449,0.511,100.6,0.466,10,Portland Trail Blazers,22015,2015-11-18
1610612758,Sacramento Kings,1,0,1,0.0,48.0,95.2,103.5,-8.3,0.684,1.24,18.5,0.283,0.765,0.536,0.206,0.471,0.516,100.74,0.472,10,Sacramento Kings,22015,2015-11-18
1610612759,San Antonio Spurs,1,1,0,1.0,48.0,115.0,103.2,11.7,0.786,3.3,23.9,0.233,0.702,0.5,0.105,0.541,0.575,94.86,0.586,10,San Antonio Spurs,22015,2015-11-18
1610612761,Toronto Raptors,1,0,1,0.0,48.0,95.8,100.3,-4.6,0.412,1.0,12.1,0.209,0.8,0.474,0.151,0.456,0.506,92.8,0.474,10,Toronto Raptors,22015,2015-11-18
1610612762,Utah Jazz,1,1,0,1.0,48.0,100.3,95.8,4.6,0.429,0.83,13.1,0.2,0.791,0.526,0.194,0.535,0.569,92.8,0.526,10,Utah Jazz,22015,2015-11-18
1610612737,Atlanta Hawks,1,1,0,1.0,48.0,108.1,97.4,10.7,0.619,2.0,19.7,0.2,0.818,0.524,0.133,0.547,0.57,99.32,0.608,10,Atlanta Hawks,22015,2015-11-11
1610612738,Boston Celtics,1,0,1,0.0,48.0,90.0,100.4,-10.3,0.563,1.0,14.2,0.205,0.737,0.468,0.178,0.442,0.5,101.36,0.434,10,Boston Celtics,22015,2015-11-11
1610612751,Brooklyn Nets,1,1,0,1.0,48.0,109.9,100.7,9.1,0.595,2.27,17.7,0.385,0.755,0.571,0.114,0.469,0.502,96.88,0.541,10,Brooklyn Nets,22015,2015-11-11
1610612766,Charlotte Hornets,1,1,0,1.0,48.0,100.7,97.8,2.9,0.6,4.2,17.2,0.146,0.703,0.388,0.053,0.464,0.493,94.7,0.515,10,Charlotte Hornets,22015,2015-11-11
1610612742,Dallas Mavericks,1,1,0,1.0,48.0,123.9,110.7,13.2,0.548,1.64,18.2,0.222,0.735,0.518,0.147,0.625,0.661,96.36,0.588,10,Dallas Mavericks,22015,2015-11-11
1610612743,Denver Nuggets,1,1,0,1.0,48.0,115.0,110.9,4.1,0.692,1.93,20.7,0.359,0.733,0.522,0.156,0.544,0.575,90.76,0.527,10,Denver Nuggets,22015,2015-11-11
1610612765,Detroit Pistons,1,0,1,0.0,48.0,92.2,104.6,-12.4,0.471,1.0,12.3,0.264,0.816,0.495,0.16,0.433,0.47,98.18,0.407,10,Detroit Pistons,22015,2015-11-11
1610612744,Golden State Warriors,1,1,0,1.0,48.0,98.9,86.7,12.2,0.611,0.96,16.9,0.184,0.744,0.468,0.227,0.553,0.587,98.98,0.566,10,Golden State Warriors,22015,2015-11-11
1610612745,Houston Rockets,1,0,1,0.0,48.0,100.7,109.9,-9.1,0.595,3.57,18.5,0.245,0.615,0.429,0.072,0.469,0.474,96.88,0.459,10,Houston Rockets,22015,2015-11-11
1610612754,Indiana Pacers,1,1,0,1.0,48.0,100.4,90.0,10.3,0.526,1.05,15.2,0.263,0.795,0.532,0.187,0.519,0.551,101.36,0.566,10,Indiana Pacers,22015,2015-11-11
1610612746,Los Angeles Clippers,1,0,1,0.0,48.0,110.7,123.9,-13.2,0.568,2.1,16.0,0.265,0.778,0.482,0.103,0.5,0.537,96.36,0.412,10,Los Angeles Clippers,22015,2015-11-11
1610612747,Los Angeles Lakers,1,0,1,0.0,48.0,105.4,111.9,-6.5,0.641,1.79,19.9,0.184,0.61,0.443,0.149,0.538,0.569,92.1,0.552,10,Los Angeles Lakers,22015,2015-11-11
1610612763,Memphis Grizzlies,1,0,1,0.0,48.0,86.7,98.9,-12.2,0.625,0.71,12.3,0.256,0.816,0.532,0.217,0.364,0.489,98.98,0.434,10,Memphis Grizzlies,22015,2015-11-11
1610612749,Milwaukee Bucks,1,0,1,0.0,48.0,110.9,115.0,-4.1,0.619,1.53,20.6,0.267,0.641,0.478,0.185,0.595,0.615,90.76,0.473,10,Milwaukee Bucks,22015,2015-11-11
1610612740,New Orleans Pelicans,1,0,1,0.0,48.0,97.4,108.1,-10.7,0.568,1.11,16.2,0.182,0.8,0.476,0.189,0.53,0.547,99.32,0.392,10,New Orleans Pelicans,22015,2015-11-11
1610612752,New York Knicks,1,0,1,0.0,48.0,97.8,100.7,-2.9,0.476,1.18,15.9,0.297,0.854,0.612,0.179,0.512,0.522,94.7,0.485,10,New York Knicks,22015,2015-11-11
1610612753,Orlando Magic,1,1,0,1.0,48.0,111.9,105.4,6.5,0.55,2.75,16.3,0.39,0.816,0.557,0.089,0.465,0.48,92.1,0.448,10,Orlando Magic,22015,2015-11-11
1610612755,Philadelphia 76ers,1,0,1,0.0,48.0,107.9,127.1,-19.2,0.7,2.33,20.8,0.22,0.605,0.398,0.126,0.529,0.545,94.56,0.389,10,Philadelphia 76ers,22015,2015-11-11
1610612757,Portland Trail Blazers,1,0,1,0.0,48.0,104.0,121.6,-17.6,0.667,2.89,19.5,0.227,0.765,0.462,0.093,0.494,0.515,95.02,0.427,10,Portland Trail Blazers,22015,2015-11-11
1610612758,Sacramento Kings,1,1,0,1.0,48.0,104.6,92.2,12.4,0.541,1.05,16.2,0.184,0.736,0.505,0.197,0.561,0.597,98.18,0.593,10,Sacramento Kings,22015,2015-11-11
1610612759,San Antonio Spurs,1,1,0,1.0,48.0,121.6,104.0,17.6,0.587,2.45,21.1,0.235,0.773,0.538,0.118,0.604,0.628,95.02,0.573,10,San Antonio Spurs,22015,2015-11-11
1610612761,Toronto Raptors,1,1,0,1.0,48.0,127.1,107.9,19.2,0.512,2.75,16.6,0.395,0.78,0.602,0.085,0.511,0.58,94.56,0.611,10,Toronto Raptors,22015,2015-11-11
1610612738,Boston Celtics,1,1,0,1.0,48.0,106.0,90.1,15.9,0.553,1.62,16.4,0.304,0.775,0.523,0.139,0.483,0.525,92.74,0.602,10,Boston Celtics,22015,2015-11-10
1610612766,Charlotte Hornets,1,1,0,1.0,48.0,102.1,94.7,7.4,0.474,1.13,14.5,0.095,0.75,0.415,0.157,0.538,0.579,101.12,0.508,10,Charlotte Hornets,22015,2015-11-10
1610612739,Cleveland Cavaliers,1,1,0,1.0,48.0,119.3,117.1,2.1,0.649,1.41,17.9,0.314,0.649,0.486,0.172,0.574,0.635,98.12,0.527,10,Cleveland Cavaliers,22015,2015-11-10
1610612742,Dallas Mavericks,1,0,1,0.0,48.0,100.5,117.7,-17.2,0.513,1.54,15.1,0.17,0.8,0.478,0.124,0.472,0.528,103.18,0.44,10,Dallas Mavericks,22015,2015-11-10
1610612747,Los Angeles Lakers,1,0,1,0.0,48.0,92.4,108.7,-16.4,0.618,1.17,17.3,0.135,0.674,0.434,0.189,0.513,0.535,94.08,0.412,10,Los Angeles Lakers,22015,2015-11-10
1610612748,Miami Heat,1,1,0,1.0,48.0,108.7,92.4,16.4,0.605,1.92,17.6,0.326,0.865,0.566,0.129,0.482,0.527,94.08,0.588,10,Miami Heat,22015,2015-11-10
1610612749,Milwaukee Bucks,1,0,1,0.0,48.0,90.1,106.0,-15.9,0.467,0.78,12.2,0.225,0.696,0.477,0.195,0.452,0.499,92.74,0.398,10,Milwaukee Bucks,22015,2015-11-10
1610612750,Minnesota Timberwolves,1,0,1,0.0,48.0,94.7,102.1,-7.4,0.694,1.14,18.5,0.25,0.905,0.585,0.219,0.506,0.538,101.12,0.492,10,Minnesota Timberwolves,22015,2015-11-10
1610612740,New Orleans Pelicans,1,1,0,1.0,48.0,117.7,100.5,17.2,0.543,2.27,18.4,0.2,0.83,0.522,0.108,0.576,0.6,103.18,0.56,10,New Orleans Pelicans,22015,2015-11-10
1610612752,New York Knicks,1,1,0,1.0,48.0,111.1,109.9,1.2,0.524,2.2,16.3,0.271,0.689,0.473,0.1,0.5,0.539,99.54,0.469,10,New York Knicks,22015,2015-11-10
1610612760,Oklahoma City Thunder,1,1,0,1.0,48.0,122.8,96.7,26.1,0.614,2.08,19.5,0.256,0.782,0.564,0.128,0.599,0.633,103.1,0.639,10,Oklahoma City Thunder,22015,2015-11-10
1610612761,Toronto Raptors,1,0,1,0.0,48.0,109.9,111.1,-1.2,0.676,2.08,18.1,0.311,0.729,0.527,0.121,0.464,0.539,99.54,0.531,10,Toronto Raptors,22015,2015-11-10
1610612762,Utah Jazz,1,0,1,0.0,48.0,117.1,119.3,-2.1,0.75,1.88,21.4,0.351,0.686,0.514,0.164,0.549,0.604,98.12,0.473,10,Utah Jazz,22015,2015-11-10
1610612764,Washington Wizards,1,0,1,0.0,48.0,96.7,122.8,-26.1,0.447,2.13,12.7,0.218,0.744,0.436,0.077,0.418,0.466,103.1,0.361,10,Washington Wizards,22015,2015-11-10
1610612737,Atlanta Hawks,1,0,1,0.0,48.0,96.1,104.7,-8.6,0.722,1.53,20.3,0.132,0.638,0.412,0.176,0.513,0.548,99.04,0.448,10,Atlanta Hawks,22015,2015-11-13
1610612738,Boston Celtics,1,1,0,1.0,48.0,104.7,96.1,8.6,0.643,2.7,18.6,0.362,0.868,0.588,0.099,0.461,0.489,99.04,0.552,10,Boston Celtics,22015,2015-11-13
1610612751,Brooklyn Nets,1,0,1,0.0,48.0,104.6,106.3,-1.7,0.571,1.6,17.5,0.205,0.7,0.468,0.144,0.517,0.555,104.34,0.475,10,Brooklyn Nets,22015,2015-11-13
1610612766,Charlotte Hornets,1,0,1,0.0,48.0,98.7,103.4,-4.7,0.583,3.0,16.4,0.161,0.783,0.441,0.071,0.458,0.484,98.46,0.429,10,Charlotte Hornets,22015,2015-11-13
1610612741,Chicago Bulls,1,1,0,1.0,48.0,103.4,98.7,4.7,0.73,2.45,19.9,0.217,0.839,0.559,0.112,0.464,0.522,98.46,0.571,10,Chicago Bulls,22015,2015-11-13
1610612739,Cleveland Cavaliers,1,1,0,1.0,48.0,98.2,90.1,8.1,0.364,1.0,10.4,0.25,0.787,0.516,0.131,0.462,0.491,92.44,0.532,10,Cleveland Cavaliers,22015,2015-11-13
1610612742,Dallas Mavericks,1,1,0,1.0,48.0,87.6,79.7,7.9,0.633,1.27,14.8,0.143,0.732,0.457,0.146,0.409,0.475,102.84,0.595,10,Dallas Mavericks,22015,2015-11-13
1610612743,Denver Nuggets,1,1,0,1.0,48.0,104.8,95.5,9.3,0.676,1.32,18.0,0.273,0.81,0.535,0.186,0.512,0.563,102.36,0.563,10,Denver Nuggets,22015,2015-11-13
1610612745,Houston Rockets,1,0,1,0.0,48.0,95.5,104.8,-9.3,0.576,0.95,14.7,0.19,0.727,0.465,0.195,0.487,0.541,102.36,0.438,10,Houston Rockets,22015,2015-11-13
1610612754,Indiana Pacers,1,1,0,1.0,48.0,112.5,106.5,6.0,0.561,2.09,17.7,0.279,0.778,0.506,0.116,0.535,0.557,95.92,0.556,10,Indiana Pacers,22015,2015-11-13
1610612747,Los Angeles Lakers,1,0,1,0.0,48.0,79.7,87.6,-7.9,0.621,0.82,13.2,0.268,0.857,0.543,0.214,0.381,0.427,102.84,0.405,10,Los Angeles Lakers,22015,2015-11-13
1610612763,Memphis Grizzlies,1,1,0,1.0,48.0,107.6,106.7,0.9,0.611,2.2,16.9,0.298,0.677,0.449,0.107,0.453,0.516,93.82,0.481,10,Memphis Grizzlies,22015,2015-11-13
1610612750,Minnesota Timberwolves,1,0,1,0.0,48.0,106.5,112.5,-6.0,0.381,1.0,13.3,0.222,0.721,0.494,0.165,0.548,0.58,95.92,0.444,10,Minnesota Timberwolves,22015,2015-11-13
1610612740,New Orleans Pelicans,1,0,1,0.0,48.0,84.6,108.8,-24.3,0.5,1.0,12.4,0.222,0.683,0.442,0.157,0.409,0.446,93.84,0.341,10,New Orleans Pelicans,22015,2015-11-13
1610612752,New York Knicks,1,0,1,0.0,48.0,90.1,98.2,-8.1,0.552,1.07,13.4,0.213,0.75,0.484,0.161,0.424,0.476,92.44,0.468,10,New York Knicks,22015,2015-11-13
1610612760,Oklahoma City Thunder,1,1,0,1.0,48.0,98.8,81.5,17.3,0.513,1.54,14.4,0.34,0.765,0.561,0.126,0.443,0.48,103.78,0.626,10,Oklahoma City Thunder,22015,2015-11-13
1610612753,Orlando Magic,1,1,0,1.0,48.0,100.4,91.1,9.3,0.625,0.91,15.2,0.256,0.745,0.523,0.216,0.487,0.569,101.88,0.565,10,Orlando Magic,22015,2015-11-13
1610612755,Philadelphia 76ers,1,0,1,0.0,48.0,81.5,98.8,-17.3,0.533,0.89,12.1,0.235,0.66,0.439,0.173,0.378,0.432,103.78,0.374,10,Philadelphia 76ers,22015,2015-11-13
1610612757,Portland Trail Blazers,1,0,1,0.0,48.0,106.7,107.6,-0.9,0.515,0.77,14.1,0.323,0.702,0.551,0.235,0.536,0.612,93.82,0.519,10,Portland Trail Blazers,22015,2015-11-13
1610612758,Sacramento Kings,1,1,0,1.0,48.0,106.3,104.6,1.7,0.625,1.79,17.3,0.3,0.795,0.532,0.134,0.484,0.526,104.34,0.525,10,Sacramento Kings,22015,2015-11-13
1610612761,Toronto Raptors,1,1,0,1.0,48.0,108.8,84.6,24.3,0.559,1.19,15.3,0.317,0.778,0.558,0.174,0.5,0.563,93.84,0.659,10,Toronto Raptors,22015,2015-11-13
1610612762,Utah Jazz,1,0,1,0.0,48.0,91.1,100.4,-9.3,0.706,1.41,17.4,0.255,0.744,0.477,0.166,0.437,0.479,101.88,0.435,10,Utah Jazz,22015,2015-11-13
1610612744,Golden State Warriors,1,1,0,1.0,48.0,127.7,115.0,12.6,0.708,3.09,24.1,0.158,0.643,0.413,0.109,0.64,0.672,100.94,0.566,10,Golden State Warriors,22015,2015-11-12
1610612746,Los Angeles Clippers,1,0,1,0.0,48.0,98.7,113.2,-14.5,0.425,1.13,12.7,0.245,0.735,0.446,0.142,0.494,0.508,104.78,0.405,10,Los Angeles Clippers,22015,2015-11-12
1610612748,Miami Heat,1,1,0,1.0,48.0,96.8,91.9,4.9,0.389,0.93,12.0,0.205,0.78,0.528,0.158,0.494,0.523,97.0,0.553,10,Miami Heat,22015,2015-11-12
1610612750,Minnesota Timberwolves,1,0,1,0.0,48.0,115.0,127.7,-12.6,0.488,1.62,15.3,0.357,0.842,0.588,0.129,0.511,0.564,100.94,0.434,10,Minnesota Timberwolves,22015,2015-11-12
1610612756,Phoenix Suns,1,1,0,1.0,48.0,113.2,98.7,14.5,0.5,1.05,16.3,0.265,0.755,0.554,0.201,0.614,0.64,104.78,0.595,10,Phoenix Suns,22015,2015-11-12
1610612762,Utah Jazz,1,0,1,0.0,48.0,91.9,96.8,-4.9,0.382,1.3,10.6,0.22,0.795,0.472,0.101,0.404,0.455,97.0,0.447,10,Utah Jazz,22015,2015-11-12
1610612737,Atlanta Hawks,1,0,1,0.0,48.0,106.1,103.8,2.3,0.703,1.73,20.9,0.211,0.714,0.452,0.166,0.539,0.575,91.98,0.509,10,Atlanta Hawks,22015,2015-11-15
1610612738,Boston Celtics,1,1,0,1.0,48.0,103.3,86.9,16.4,0.641,1.39,18.7,0.333,0.778,0.58,0.186,0.53,0.551,97.28,0.627,10,Boston Celtics,22015,2015-11-15
1610612766,Charlotte Hornets,1,1,0,1.0,48.0,110.0,99.7,10.3,0.707,2.42,21.9,0.189,0.652,0.446,0.125,0.548,0.58,95.3,0.616,10,Charlotte Hornets,22015,2015-11-15
1610612765,Detroit Pistons,1,0,1,0.0,48.0,82.8,95.9,-13.0,0.457,1.33,12.3,0.235,0.829,0.5,0.117,0.401,0.414,101.88,0.349,10,Detroit Pistons,22015,2015-11-15
1610612747,Los Angeles Lakers,1,1,0,1.0,48.0,95.9,82.8,13.0,0.774,1.5,18.2,0.171,0.765,0.5,0.158,0.453,0.526,101.88,0.651,10,Los Angeles Lakers,22015,2015-11-15
1610612763,Memphis Grizzlies,1,1,0,1.0,48.0,120.2,112.5,7.7,0.525,1.31,17.5,0.143,0.769,0.507,0.169,0.627,0.688,94.56,0.564,10,Memphis Grizzlies,22015,2015-11-15
1610612750,Minnesota Timberwolves,1,0,1,0.0,48.0,112.5,120.2,-7.7,0.488,1.67,16.2,0.231,0.857,0.493,0.127,0.53,0.581,94.56,0.436,10,Minnesota Timberwolves,22015,2015-11-15
1610612740,New Orleans Pelicans,1,0,1,0.0,48.0,93.2,99.6,-6.4,0.5,0.89,14.1,0.114,0.762,0.468,0.193,0.493,0.548,94.36,0.455,10,New Orleans Pelicans,22015,2015-11-15
1610612752,New York Knicks,1,1,0,1.0,48.0,99.6,93.2,6.4,0.474,2.0,14.6,0.238,0.886,0.532,0.094,0.455,0.493,94.36,0.545,10,New York Knicks,22015,2015-11-15
1610612760,Oklahoma City Thunder,1,0,1,0.0,48.0,86.9,103.3,-16.4,0.643,1.0,14.3,0.222,0.667,0.42,0.184,0.403,0.473,97.28,0.373,10,Oklahoma City Thunder,22015,2015-11-15
1610612757,Portland Trail Blazers,1,0,1,0.0,48.0,99.7,110.0,-10.3,0.571,1.67,15.4,0.348,0.811,0.554,0.127,0.421,0.478,95.3,0.384,10,Portland Trail Blazers,22015,2015-11-15
1610612758,Sacramento Kings,1,1,0,1.0,48.0,109.7,98.9,10.8,0.59,1.15,17.8,0.237,0.825,0.538,0.205,0.579,0.618,99.86,0.561,10,Sacramento Kings,22015,2015-11-15
1610612761,Toronto Raptors,1,0,1,0.0,48.0,98.9,109.7,-10.8,0.474,1.13,14.2,0.175,0.763,0.462,0.157,0.523,0.542,99.86,0.439,10,Toronto Raptors,22015,2015-11-15
1610612762,Utah Jazz,1,1,0,1.0,48.0,103.8,106.1,-2.3,0.538,1.05,16.9,0.286,0.789,0.548,0.214,0.559,0.581,91.98,0.491,10,Utah Jazz,22015,2015-11-15
1610612751,Brooklyn Nets,1,0,1,0.0,53.0,92.5,101.5,-9.0,0.537,1.69,15.7,0.22,0.78,0.5,0.121,0.429,0.471,96.2,0.47,10,Brooklyn Nets,22015,2015-11-14
1610612739,Cleveland Cavaliers,1,0,1,0.0,58.0,95.6,98.5,-2.9,0.568,1.0,14.5,0.28,0.727,0.514,0.191,0.484,0.51,90.85,0.484,10,Cleveland Cavaliers,22015,2015-11-14
1610612742,Dallas Mavericks,1,1,0,1.0,48.0,108.7,97.9,10.7,0.558,2.18,18.0,0.205,0.755,0.511,0.109,0.528,0.56,100.66,0.583,10,Dallas Mavericks,22015,2015-11-14
1610612743,Denver Nuggets,1,0,1,0.0,48.0,76.8,99.6,-22.8,0.382,1.0,10.2,0.161,0.767,0.424,0.123,0.378,0.399,105.48,0.32,10,Denver Nuggets,22015,2015-11-14
1610612765,Detroit Pistons,1,0,1,0.0,48.0,102.8,108.1,-5.3,0.455,1.0,12.6,0.262,0.738,0.5,0.161,0.493,0.537,93.42,0.44,10,Detroit Pistons,22015,2015-11-14
1610612744,Golden State Warriors,1,1,0,1.0,53.0,101.5,92.5,9.0,0.721,2.07,21.0,0.22,0.78,0.5,0.142,0.505,0.528,96.2,0.53,10,Golden State Warriors,22015,2015-11-14
1610612745,Houston Rockets,1,0,1,0.0,48.0,97.9,108.7,-10.7,0.688,1.57,16.4,0.245,0.795,0.489,0.14,0.435,0.5,100.66,0.417,10,Houston Rockets,22015,2015-11-14
1610612746,Los Angeles Clippers,1,1,0,1.0,48.0,108.1,102.8,5.3,0.622,1.64,18.0,0.262,0.738,0.5,0.15,0.513,0.558,93.42,0.56,10,Los Angeles Clippers,22015,2015-11-14
1610612749,Milwaukee Bucks,1,1,0,1.0,58.0,98.5,95.6,2.9,0.465,1.54,13.8,0.273,0.72,0.486,0.119,0.451,0.484,90.85,0.516,10,Milwaukee Bucks,22015,2015-11-14
1610612753,Orlando Magic,1,0,1,0.0,48.0,95.6,109.7,-14.1,0.5,1.58,14.8,0.125,0.848,0.479,0.116,0.46,0.507,101.0,0.431,10,Orlando Magic,22015,2015-11-14
1610612755,Philadelphia 76ers,1,0,1,0.0,48.0,86.6,93.9,-7.3,0.455,1.0,12.8,0.125,0.745,0.432,0.157,0.451,0.478,96.92,0.371,10,Philadelphia 76ers,22015,2015-11-14
1610612756,Phoenix Suns,1,1,0,1.0,48.0,99.6,76.8,22.8,0.514,0.95,14.1,0.233,0.839,0.576,0.19,0.506,0.55,105.48,0.68,10,Phoenix Suns,22015,2015-11-14
1610612759,San Antonio Spurs,1,1,0,1.0,48.0,93.9,86.6,7.3,0.697,1.64,17.3,0.255,0.875,0.568,0.143,0.418,0.479,96.92,0.629,10,San Antonio Spurs,22015,2015-11-14
1610612764,Washington Wizards,1,1,0,1.0,48.0,109.7,95.6,14.1,0.744,2.64,21.6,0.152,0.875,0.521,0.112,0.542,0.572,101.0,0.569,10,Washington Wizards,22015,2015-11-14
1610612737,Atlanta Hawks,1,0,1,0.0,48.0,93.5,97.1,-3.6,0.667,1.1,17.7,0.186,0.8,0.5,0.212,0.513,0.536,93.44,0.465,10,Atlanta Hawks,22015,2015-11-17
1610612751,Brooklyn Nets,1,1,0,1.0,48.0,97.1,93.5,3.6,0.595,1.83,17.8,0.2,0.814,0.5,0.129,0.494,0.502,93.44,0.535,10,Brooklyn Nets,22015,2015-11-17
1610612766,Charlotte Hornets,1,0,1,0.0,48.0,102.2,102.8,-0.6,0.361,1.86,11.5,0.186,0.773,0.483,0.076,0.47,0.505,95.62,0.477,10,Charlotte Hornets,22015,2015-11-17
1610612739,Cleveland Cavaliers,1,0,1,0.0,48.0,99.2,104.4,-5.2,0.553,1.5,17.0,0.075,0.771,0.455,0.14,0.544,0.557,99.72,0.45,10,Cleveland Cavaliers,22015,2015-11-17
1610612743,Denver Nuggets,1,1,0,1.0,48.0,122.7,109.1,13.6,0.6,1.93,20.5,0.306,0.8,0.566,0.149,0.618,0.634,91.78,0.565,10,Denver Nuggets,22015,2015-11-17
1610612765,Detroit Pistons,1,1,0,1.0,48.0,104.4,99.2,5.2,0.556,1.54,15.3,0.229,0.925,0.545,0.13,0.47,0.533,99.72,0.55,10,Detroit Pistons,22015,2015-11-17
1610612744,Golden State Warriors,1,1,0,1.0,48.0,111.8,105.6,6.2,0.721,1.55,21.7,0.243,0.676,0.459,0.194,0.606,0.626,103.52,0.545,10,Golden State Warriors,22015,2015-11-17
1610612748,Miami Heat,1,0,1,0.0,48.0,87.3,97.7,-10.4,0.556,0.91,14.9,0.204,0.732,0.486,0.211,0.487,0.493,104.8,0.44,10,Miami Heat,22015,2015-11-17
1610612749,Milwaukee Bucks,1,0,1,0.0,48.0,90.0,122.3,-32.3,0.71,1.16,17.8,0.143,0.824,0.447,0.199,0.5,0.521,94.8,0.301,10,Milwaukee Bucks,22015,2015-11-17
1610612750,Minnesota Timberwolves,1,1,0,1.0,48.0,97.7,87.3,10.4,0.389,1.75,10.4,0.268,0.796,0.514,0.076,0.392,0.458,104.8,0.56,10,Minnesota Timberwolves,22015,2015-11-17
1610612740,New Orleans Pelicans,1,0,1,0.0,48.0,109.1,122.7,-13.6,0.61,2.5,20.4,0.2,0.694,0.434,0.111,0.536,0.558,91.78,0.435,10,New Orleans Pelicans,22015,2015-11-17
1610612752,New York Knicks,1,1,0,1.0,48.0,102.8,102.2,0.6,0.611,2.0,16.8,0.227,0.814,0.517,0.111,0.461,0.519,95.62,0.523,10,New York Knicks,22015,2015-11-17
1610612761,Toronto Raptors,1,0,1,0.0,48.0,105.6,111.8,-6.2,0.486,0.9,13.4,0.324,0.757,0.541,0.192,0.506,0.572,103.52,0.455,10,Toronto Raptors,22015,2015-11-17
1610612764,Washington Wizards,1,1,0,1.0,48.0,122.3,90.0,32.3,0.676,2.08,20.0,0.176,0.857,0.553,0.128,0.614,0.653,94.8,0.699,10,Washington Wizards,22015,2015-11-17
1610612738,Boston Celtics,1,1,0,1.0,48.0,106.2,92.1,14.1,0.614,1.35,18.3,0.333,0.702,0.516,0.191,0.532,0.552,103.8,0.596,10,Boston Celtics,22015,2015-11-16
1610612741,Chicago Bulls,1,1,0,1.0,48.0,97.9,95.4,2.5,0.743,3.25,19.4,0.204,0.776,0.49,0.082,0.442,0.48,98.82,0.552,10,Chicago Bulls,22015,2015-11-16
1610612742,Dallas Mavericks,1,1,0,1.0,48.0,90.0,82.9,7.2,0.533,0.84,12.9,0.136,0.805,0.459,0.186,0.441,0.516,103.0,0.561,10,Dallas Mavericks,22015,2015-11-16
1610612745,Houston Rockets,1,0,1,0.0,48.0,92.1,106.2,-14.1,0.639,1.05,16.4,0.298,0.667,0.484,0.213,0.488,0.499,103.8,0.404,10,Houston Rockets,22015,2015-11-16
1610612754,Indiana Pacers,1,0,1,0.0,48.0,95.4,97.9,-2.5,0.543,1.46,14.7,0.224,0.796,0.51,0.131,0.454,0.487,98.82,0.448,10,Indiana Pacers,22015,2015-11-16
1610612747,Los Angeles Lakers,1,0,1,0.0,48.0,105.4,123.7,-18.3,0.324,0.71,10.5,0.179,0.625,0.425,0.177,0.539,0.589,96.4,0.372,10,Los Angeles Lakers,22015,2015-11-16
1610612763,Memphis Grizzlies,1,1,0,1.0,48.0,123.0,112.2,10.9,0.622,2.3,17.1,0.273,0.647,0.436,0.101,0.512,0.603,100.4,0.542,10,Memphis Grizzlies,22015,2015-11-16
1610612760,Oklahoma City Thunder,1,0,1,0.0,48.0,112.2,123.0,-10.9,0.537,1.16,16.2,0.353,0.727,0.564,0.187,0.568,0.602,100.4,0.458,10,Oklahoma City Thunder,22015,2015-11-16
1610612755,Philadelphia 76ers,1,0,1,0.0,48.0,82.9,90.0,-7.2,0.471,0.59,12.5,0.195,0.864,0.541,0.26,0.48,0.507,103.0,0.439,10,Philadelphia 76ers,22015,2015-11-16
1610612756,Phoenix Suns,1,1,0,1.0,48.0,123.7,105.4,18.3,0.511,2.09,16.7,0.375,0.821,0.575,0.113,0.543,0.577,96.4,0.628,10,Phoenix Suns,22015,2015-11-16
1610612757,Portland Trail Blazers,1,0,1,0.0,48.0,90.2,104.8,-14.7,0.484,1.25,13.9,0.103,0.745,0.453,0.135,0.46,0.496,88.72,0.372,10,Portland Trail Blazers,22015,2015-11-16
1610612759,San Antonio Spurs,1,1,0,1.0,48.0,104.8,90.2,14.7,0.763,4.83,22.4,0.255,0.897,0.547,0.068,0.466,0.491,88.72,0.628,10,San Antonio Spurs,22015,2015-11-16
1610612737,Atlanta Hawks,1,1,0,1.0,48.0,119.3,113.2,6.1,0.732,2.0,21.8,0.188,0.854,0.562,0.148,0.591,0.655,101.48,0.545,10,Atlanta Hawks,22015,2015-11-06
1610612738,Boston Celtics,1,1,0,1.0,48.0,108.1,87.4,20.7,0.545,1.41,16.2,0.3,0.792,0.541,0.156,0.515,0.551,110.62,0.626,10,Boston Celtics,22015,2015-11-06
1610612751,Brooklyn Nets,1,0,1,0.0,48.0,94.4,97.6,-3.1,0.525,1.31,15.1,0.286,0.865,0.535,0.154,0.446,0.481,105.2,0.459,10,Brooklyn Nets,22015,2015-11-06
1610612739,Cleveland Cavaliers,1,1,0,1.0,48.0,108.8,107.8,1.0,0.644,1.71,20.8,0.262,0.829,0.542,0.171,0.568,0.579,96.94,0.521,10,Cleveland Cavaliers,22015,2015-11-06
1610612743,Denver Nuggets,1,0,1,0.0,48.0,94.0,110.3,-16.3,0.59,1.21,16.1,0.184,0.723,0.448,0.172,0.473,0.516,109.3,0.414,10,Denver Nuggets,22015,2015-11-06
1610612765,Detroit Pistons,1,1,0,1.0,48.0,100.2,89.6,10.6,0.405,0.94,12.4,0.146,0.788,0.505,0.16,0.554,0.557,101.28,0.6,10,Detroit Pistons,22015,2015-11-06
1610612744,Golden State Warriors,1,1,0,1.0,48.0,110.3,94.0,16.3,0.87,2.0,24.9,0.277,0.816,0.552,0.185,0.586,0.59,109.3,0.586,10,Golden State Warriors,22015,2015-11-06
1610612745,Houston Rockets,1,1,0,1.0,48.0,113.9,103.0,10.8,0.575,1.05,16.6,0.326,0.714,0.533,0.216,0.579,0.618,104.32,0.507,10,Houston Rockets,22015,2015-11-06
1610612754,Indiana Pacers,1,1,0,1.0,48.0,96.2,94.9,1.3,0.583,1.75,17.0,0.214,0.829,0.518,0.128,0.481,0.497,92.64,0.505,10,Indiana Pacers,22015,2015-11-06
1610612747,Los Angeles Lakers,1,1,0,1.0,48.0,97.6,94.4,3.1,0.424,0.88,11.1,0.135,0.714,0.465,0.15,0.468,0.544,105.2,0.541,10,Los Angeles Lakers,22015,2015-11-06
1610612748,Miami Heat,1,0,1,0.0,48.0,94.9,96.2,-1.3,0.583,1.75,17.5,0.171,0.786,0.482,0.131,0.481,0.502,92.64,0.495,10,Miami Heat,22015,2015-11-06
1610612749,Milwaukee Bucks,1,1,0,1.0,48.0,106.7,94.5,12.2,0.6,1.75,16.6,0.31,0.667,0.488,0.129,0.451,0.528,95.04,0.567,10,Milwaukee Bucks,22015,2015-11-06
1610612740,New Orleans Pelicans,1,0,1,0.0,48.0,113.2,119.3,-6.1,0.714,2.31,21.8,0.146,0.813,0.438,0.128,0.56,0.608,101.48,0.455,10,New Orleans Pelicans,22015,2015-11-06
1610612752,New York Knicks,1,0,1,0.0,48.0,94.5,106.7,-12.2,0.606,1.11,15.2,0.333,0.69,0.512,0.185,0.432,0.493,95.04,0.433,10,New York Knicks,22015,2015-11-06
1610612753,Orlando Magic,1,1,0,1.0,48.0,98.2,92.8,5.4,0.667,1.69,18.1,0.171,0.694,0.476,0.139,0.487,0.531,93.72,0.569,10,Orlando Magic,22015,2015-11-06
1610612755,Philadelphia 76ers,1,0,1,0.0,48.0,107.8,108.8,-1.0,0.561,1.44,18.5,0.171,0.738,0.458,0.169,0.582,0.596,96.94,0.479,10,Philadelphia 76ers,22015,2015-11-06
1610612756,Phoenix Suns,1,0,1,0.0,48.0,89.6,100.2,-10.6,0.378,0.88,11.0,0.212,0.854,0.495,0.156,0.457,0.471,101.28,0.4,10,Phoenix Suns,22015,2015-11-06
1610612758,Sacramento Kings,1,0,1,0.0,48.0,103.0,113.9,-10.8,0.65,1.73,17.7,0.286,0.674,0.467,0.141,0.478,0.52,104.32,0.493,10,Sacramento Kings,22015,2015-11-06
1610612761,Toronto Raptors,1,0,1,0.0,48.0,92.8,98.2,-5.4,0.433,1.3,10.7,0.306,0.829,0.524,0.107,0.378,0.44,93.72,0.431,10,Toronto Raptors,22015,2015-11-06
1610612764,Washington Wizards,1,0,1,0.0,48.0,87.4,108.1,-20.7,0.639,0.96,15.8,0.208,0.7,0.459,0.214,0.455,0.499,110.62,0.374,10,Washington Wizards,22015,2015-11-06
1610612737,Atlanta Hawks,1,1,0,1.0,48.0,108.3,94.2,14.1,0.619,1.63,19.1,0.179,0.667,0.448,0.155,0.566,0.593,105.34,0.59,10,Atlanta Hawks,22015,2015-10-29
1610612742,Dallas Mavericks,1,0,1,0.0,48.0,85.8,102.4,-16.7,0.629,1.69,15.9,0.237,0.837,0.509,0.127,0.392,0.425,102.06,0.378,10,Dallas Mavericks,22015,2015-10-29
1610612754,Indiana Pacers,1,0,1,0.0,48.0,104.5,115.8,-11.2,0.622,1.15,17.5,0.25,0.7,0.475,0.203,0.551,0.582,97.66,0.432,10,Indiana Pacers,22015,2015-10-29
1610612746,Los Angeles Clippers,1,1,0,1.0,48.0,102.4,85.8,16.7,0.553,2.63,16.1,0.163,0.763,0.491,0.079,0.483,0.512,102.06,0.622,10,Los Angeles Clippers,22015,2015-10-29
1610612763,Memphis Grizzlies,1,1,0,1.0,48.0,115.8,104.5,11.2,0.634,1.86,19.3,0.3,0.75,0.525,0.145,0.543,0.591,97.66,0.568,10,Memphis Grizzlies,22015,2015-10-29
1610612752,New York Knicks,1,0,1,0.0,48.0,94.2,108.3,-14.1,0.553,1.0,14.6,0.333,0.821,0.552,0.196,0.441,0.494,105.34,0.41,10,New York Knicks,22015,2015-10-29
1610612738,Boston Celtics,1,1,0,1.0,48.0,107.8,92.1,15.7,0.795,1.82,21.4,0.238,0.689,0.471,0.164,0.506,0.578,103.5,0.63,10,Boston Celtics,22015,2015-10-28
1610612751,Brooklyn Nets,1,0,1,0.0,48.0,97.7,113.0,-15.2,0.487,1.46,13.8,0.32,0.853,0.536,0.127,0.419,0.475,102.06,0.442,10,Brooklyn Nets,22015,2015-10-28
1610612766,Charlotte Hornets,1,0,1,0.0,48.0,99.2,111.5,-12.3,0.485,1.78,13.1,0.22,0.941,0.512,0.095,0.429,0.486,94.0,0.409,10,Charlotte Hornets,22015,2015-10-28
1610612741,Chicago Bulls,1,1,0,1.0,48.0,113.0,97.7,15.2,0.476,1.0,15.8,0.147,0.68,0.464,0.196,0.628,0.662,102.06,0.558,10,Chicago Bulls,22015,2015-10-28
1610612739,Cleveland Cavaliers,1,1,0,1.0,48.0,107.6,78.6,29.0,0.707,1.53,20.8,0.293,0.792,0.574,0.193,0.565,0.579,97.58,0.7,10,Cleveland Cavaliers,22015,2015-10-28
1610612742,Dallas Mavericks,1,1,0,1.0,48.0,110.3,89.2,21.1,0.6,3.0,18.4,0.13,0.764,0.475,0.079,0.529,0.563,103.58,0.677,10,Dallas Mavericks,22015,2015-10-28
1610612743,Denver Nuggets,1,1,0,1.0,48.0,106.1,84.6,21.5,0.65,1.24,19.4,0.237,0.727,0.527,0.212,0.589,0.604,99.68,0.646,10,Denver Nuggets,22015,2015-10-28
1610612765,Detroit Pistons,1,1,0,1.0,48.0,99.0,94.3,4.6,0.533,1.33,13.7,0.19,0.897,0.531,0.129,0.453,0.517,92.6,0.518,10,Detroit Pistons,22015,2015-10-28
1610612745,Houston Rockets,1,0,1,0.0,48.0,84.6,106.1,-21.5,0.567,1.0,12.8,0.273,0.763,0.473,0.169,0.391,0.432,99.68,0.354,10,Houston Rockets,22015,2015-10-28
1610612754,Indiana Pacers,1,0,1,0.0,48.0,94.6,97.1,-2.5,0.719,1.77,17.0,0.163,0.78,0.444,0.124,0.424,0.497,106.9,0.477,10,Indiana Pacers,22015,2015-10-28
1610612746,Los Angeles Clippers,1,1,0,1.0,48.0,108.1,96.4,11.8,0.476,1.33,15.5,0.14,0.75,0.462,0.146,0.563,0.593,105.28,0.571,10,Los Angeles Clippers,22015,2015-10-28
1610612747,Los Angeles Lakers,1,0,1,0.0,48.0,103.4,110.6,-7.2,0.514,1.29,13.1,0.267,0.857,0.552,0.13,0.439,0.527,104.34,0.446,10,Los Angeles Lakers,22015,2015-10-28
1610612763,Memphis Grizzlies,1,0,1,0.0,48.0,78.6,107.6,-29.0,0.517,0.94,12.2,0.208,0.707,0.426,0.165,0.366,0.414,97.58,0.3,10,Memphis Grizzlies,22015,2015-10-28
1610612748,Miami Heat,1,1,0,1.0,48.0,111.5,99.2,12.3,0.639,1.77,19.5,0.059,0.78,0.488,0.139,0.575,0.632,94.0,0.591,10,Miami Heat,22015,2015-10-28
1610612749,Milwaukee Bucks,1,0,1,0.0,48.0,97.4,121.5,-24.2,0.567,0.94,12.6,0.375,0.604,0.49,0.181,0.401,0.487,100.02,0.354,10,Milwaukee Bucks,22015,2015-10-28
1610612750,Minnesota Timberwolves,1,1,0,1.0,48.0,110.6,103.4,7.2,0.632,3.0,18.3,0.143,0.733,0.448,0.079,0.488,0.564,104.34,0.554,10,Minnesota Timberwolves,22015,2015-10-28
1610612740,New Orleans Pelicans,1,0,1,0.0,48.0,89.6,111.8,-22.2,0.528,1.73,14.7,0.1,0.85,0.433,0.105,0.456,0.475,102.54,0.376,10,New Orleans Pelicans,22015,2015-10-28
1610612752,New York Knicks,1,1,0,1.0,48.0,121.5,97.4,24.2,0.571,2.18,16.7,0.396,0.625,0.51,0.11,0.5,0.563,100.02,0.646,10,New York Knicks,22015,2015-10-28
1610612760,Oklahoma City Thunder,1,1,0,1.0,48.0,108.0,101.2,6.8,0.5,1.11,15.5,0.275,0.829,0.556,0.183,0.529,0.585,104.2,0.509,10,Oklahoma City Thunder,22015,2015-10-28
1610612753,Orlando Magic,1,0,1,0.0,48.0,83.4,89.8,-6.4,0.541,1.25,14.2,0.333,0.722,0.533,0.153,0.395,0.413,101.14,0.482,10,Orlando Magic,22015,2015-10-28
1610612755,Philadelphia 76ers,1,0,1,0.0,48.0,92.1,107.8,-15.7,0.353,0.5,9.3,0.311,0.762,0.529,0.233,0.452,0.51,103.5,0.37,10,Philadelphia 76ers,22015,2015-10-28
1610612756,Phoenix Suns,1,0,1,0.0,48.0,89.2,110.3,-21.1,0.441,0.83,11.2,0.236,0.87,0.525,0.169,0.425,0.468,103.58,0.323,10,Phoenix Suns,22015,2015-10-28
1610612757,Portland Trail Blazers,1,1,0,1.0,48.0,111.8,89.6,22.2,0.5,1.83,17.2,0.15,0.9,0.567,0.12,0.568,0.595,102.54,0.624,10,Portland Trail Blazers,22015,2015-10-28
1610612758,Sacramento Kings,1,0,1,0.0,48.0,96.4,108.1,-11.8,0.585,1.33,16.7,0.25,0.86,0.538,0.167,0.495,0.51,105.28,0.429,10,Sacramento Kings,22015,2015-10-28
1610612759,San Antonio Spurs,1,0,1,0.0,48.0,101.2,108.0,-6.8,0.489,1.69,16.5,0.171,0.725,0.444,0.124,0.511,0.537,104.2,0.491,10,San Antonio Spurs,22015,2015-10-28
1610612761,Toronto Raptors,1,1,0,1.0,48.0,97.1,94.6,2.5,0.528,0.9,13.9,0.22,0.837,0.556,0.192,0.494,0.545,106.9,0.523,10,Toronto Raptors,22015,2015-10-28
1610612762,Utah Jazz,1,0,1,0.0,48.0,94.3,99.0,-4.6,0.429,1.25,13.5,0.103,0.81,0.469,0.13,0.48,0.516,92.6,0.482,10,Utah Jazz,22015,2015-10-28
1610612764,Washington Wizards,1,1,0,1.0,48.0,89.8,83.4,6.4,0.515,0.94,13.1,0.278,0.667,0.467,0.184,0.435,0.463,101.14,0.518,10,Washington Wizards,22015,2015-10-28
1610612737,Atlanta Hawks,1,0,1,0.0,48.0,97.3,106.6,-9.3,0.595,1.47,17.5,0.163,0.589,0.404,0.155,0.5,0.53,98.02,0.462,10,Atlanta Hawks,22015,2015-10-27
1610612741,Chicago Bulls,1,1,0,1.0,48.0,94.1,93.6,0.5,0.351,1.0,10.6,0.152,0.784,0.485,0.126,0.466,0.499,102.3,0.479,10,Chicago Bulls,22015,2015-10-27
1610612739,Cleveland Cavaliers,1,0,1,0.0,48.0,93.6,94.1,-0.5,0.684,2.36,18.8,0.216,0.848,0.515,0.108,0.452,0.468,102.3,0.521,10,Cleveland Cavaliers,22015,2015-10-27
1610612765,Detroit Pistons,1,1,0,1.0,48.0,106.6,97.3,9.3,0.622,1.53,15.8,0.411,0.837,0.596,0.151,0.448,0.493,98.02,0.538,10,Detroit Pistons,22015,2015-10-27
1610612744,Golden State Warriors,1,1,0,1.0,48.0,106.0,89.7,16.3,0.707,1.45,18.7,0.457,0.814,0.629,0.191,0.474,0.525,105.28,0.625,10,Golden State Warriors,22015,2015-10-27
1610612740,New Orleans Pelicans,1,0,1,0.0,48.0,89.7,106.0,-16.3,0.6,1.11,15.6,0.186,0.543,0.371,0.179,0.458,0.501,105.28,0.375,10,New Orleans Pelicans,22015,2015-10-27
1610612739,Cleveland Cavaliers,1,1,0,1.0,48.0,108.6,103.9,4.7,0.658,2.5,19.4,0.239,0.755,0.505,0.108,0.506,0.537,93.18,0.527,10,Cleveland Cavaliers,22015,2015-11-08
1610612765,Detroit Pistons,1,1,0,1.0,48.0,124.1,103.1,21.0,0.34,1.78,12.2,0.353,0.8,0.535,0.093,0.547,0.568,98.3,0.563,10,Detroit Pistons,22015,2015-11-08
1610612754,Indiana Pacers,1,0,1,0.0,48.0,103.9,108.6,-4.7,0.564,3.14,17.3,0.245,0.761,0.495,0.075,0.467,0.493,93.18,0.473,10,Indiana Pacers,22015,2015-11-08
1610612747,Los Angeles Lakers,1,0,1,0.0,48.0,93.0,103.4,-10.4,0.528,1.9,14.3,0.222,0.773,0.469,0.098,0.431,0.456,98.94,0.407,10,Los Angeles Lakers,22015,2015-11-08
1610612748,Miami Heat,1,1,0,1.0,48.0,104.3,82.9,21.5,0.514,1.64,14.6,0.295,0.833,0.558,0.12,0.47,0.511,91.84,0.615,10,Miami Heat,22015,2015-11-08
1610612752,New York Knicks,1,1,0,1.0,48.0,103.4,93.0,10.4,0.667,2.44,17.2,0.227,0.778,0.531,0.094,0.446,0.512,98.94,0.593,10,New York Knicks,22015,2015-11-08
1610612760,Oklahoma City Thunder,1,1,0,1.0,48.0,117.9,92.4,25.4,0.531,1.73,17.5,0.395,0.833,0.612,0.143,0.543,0.578,108.32,0.671,10,Oklahoma City Thunder,22015,2015-11-08
1610612756,Phoenix Suns,1,0,1,0.0,48.0,92.4,117.9,-25.4,0.474,0.78,13.2,0.167,0.605,0.388,0.206,0.494,0.54,108.32,0.329,10,Phoenix Suns,22015,2015-11-08
1610612757,Portland Trail Blazers,1,0,1,0.0,48.0,103.1,124.1,-21.0,0.585,1.04,18.3,0.2,0.647,0.465,0.23,0.599,0.614,98.3,0.437,10,Portland Trail Blazers,22015,2015-11-08
1610612761,Toronto Raptors,1,0,1,0.0,48.0,82.9,104.3,-21.5,0.607,0.94,14.7,0.167,0.705,0.442,0.196,0.415,0.471,91.84,0.385,10,Toronto Raptors,22015,2015-11-08
1610612737,Atlanta Hawks,1,0,1,0.0,48.0,104.8,116.2,-11.4,0.682,1.76,22.0,0.111,0.742,0.403,0.167,0.587,0.601,101.38,0.457,10,Atlanta Hawks,22015,2015-11-09
1610612741,Chicago Bulls,1,1,0,1.0,48.0,103.6,78.5,25.1,0.683,2.0,18.9,0.26,0.75,0.527,0.131,0.479,0.523,109.62,0.658,10,Chicago Bulls,22015,2015-11-09
1610612743,Denver Nuggets,1,1,0,1.0,48.0,110.1,101.1,9.0,0.5,1.33,15.9,0.216,0.796,0.547,0.153,0.565,0.593,100.48,0.568,10,Denver Nuggets,22015,2015-11-09
1610612765,Detroit Pistons,1,0,1,0.0,48.0,95.4,109.3,-13.9,0.375,0.75,11.8,0.3,0.69,0.5,0.201,0.506,0.519,99.66,0.405,10,Detroit Pistons,22015,2015-11-09
1610612744,Golden State Warriors,1,1,0,1.0,48.0,109.3,95.4,13.9,0.674,1.81,20.5,0.31,0.7,0.5,0.16,0.538,0.563,99.66,0.595,10,Golden State Warriors,22015,2015-11-09
1610612754,Indiana Pacers,1,1,0,1.0,48.0,98.3,83.6,14.7,0.735,1.39,19.3,0.14,0.837,0.488,0.182,0.513,0.56,99.58,0.623,10,Indiana Pacers,22015,2015-11-09
1610612746,Los Angeles Clippers,1,1,0,1.0,48.0,99.7,95.1,4.6,0.5,0.78,12.0,0.211,0.762,0.5,0.191,0.449,0.558,95.52,0.524,10,Los Angeles Clippers,22015,2015-11-09
1610612763,Memphis Grizzlies,1,0,1,0.0,48.0,95.1,99.7,-4.6,0.6,1.5,16.4,0.238,0.789,0.5,0.145,0.45,0.496,95.52,0.476,10,Memphis Grizzlies,22015,2015-11-09
1610612750,Minnesota Timberwolves,1,1,0,1.0,48.0,116.2,104.8,11.4,0.587,1.42,19.9,0.258,0.889,0.597,0.189,0.619,0.652,101.38,0.543,10,Minnesota Timberwolves,22015,2015-11-09
1610612753,Orlando Magic,1,0,1,0.0,48.0,83.6,98.3,-14.7,0.516,0.73,13.0,0.163,0.86,0.512,0.219,0.462,0.491,99.58,0.377,10,Orlando Magic,22015,2015-11-09
1610612755,Philadelphia 76ers,1,0,1,0.0,48.0,78.5,103.6,-25.1,0.543,1.12,13.0,0.25,0.74,0.473,0.152,0.375,0.4,109.62,0.342,10,Philadelphia 76ers,22015,2015-11-09
1610612757,Portland Trail Blazers,1,0,1,0.0,48.0,101.1,110.1,-9.0,0.556,2.0,15.1,0.204,0.784,0.453,0.097,0.451,0.505,100.48,0.432,10,Portland Trail Blazers,22015,2015-11-09
1610612758,Sacramento Kings,1,0,1,0.0,48.0,87.7,106.2,-18.5,0.735,1.32,18.3,0.224,0.795,0.477,0.189,0.446,0.476,100.1,0.383,10,Sacramento Kings,22015,2015-11-09
1610612759,San Antonio Spurs,1,1,0,1.0,48.0,106.2,87.7,18.5,0.739,2.13,24.0,0.205,0.776,0.523,0.16,0.563,0.577,100.1,0.617,10,San Antonio Spurs,22015,2015-11-09
1610612751,Brooklyn Nets,1,0,1,0.0,48.0,99.3,113.9,-14.6,0.583,1.17,16.4,0.263,0.758,0.493,0.186,0.494,0.541,93.56,0.42,10,Brooklyn Nets,22015,2015-11-02
1610612739,Cleveland Cavaliers,1,1,0,1.0,48.0,108.3,99.9,8.4,0.667,1.75,20.9,0.2,0.8,0.538,0.162,0.568,0.596,99.46,0.571,10,Cleveland Cavaliers,22015,2015-11-02
1610612744,Golden State Warriors,1,1,0,1.0,48.0,117.6,65.2,52.4,0.744,2.29,22.3,0.233,0.833,0.596,0.138,0.577,0.612,103.5,0.84,10,Golden State Warriors,22015,2015-11-02
1610612745,Houston Rockets,1,1,0,1.0,48.0,103.0,100.3,2.7,0.537,1.83,16.2,0.146,0.659,0.382,0.112,0.511,0.54,105.72,0.53,10,Houston Rockets,22015,2015-11-02
1610612746,Los Angeles Clippers,1,1,0,1.0,48.0,102.9,94.8,8.1,0.541,1.82,16.4,0.071,0.729,0.455,0.111,0.506,0.56,100.18,0.559,10,Los Angeles Clippers,22015,2015-11-02
1610612763,Memphis Grizzlies,1,0,1,0.0,48.0,65.2,117.6,-52.4,0.808,1.75,15.2,0.167,0.767,0.404,0.113,0.286,0.329,103.5,0.16,10,Memphis Grizzlies,22015,2015-11-02
1610612749,Milwaukee Bucks,1,1,0,1.0,48.0,113.9,99.3,14.6,0.632,1.71,19.6,0.242,0.737,0.507,0.155,0.582,0.61,93.56,0.58,10,Milwaukee Bucks,22015,2015-11-02
1610612750,Minnesota Timberwolves,1,0,1,0.0,48.0,97.9,103.1,-5.2,0.647,1.47,16.5,0.186,0.75,0.471,0.145,0.449,0.525,102.98,0.514,10,Minnesota Timberwolves,22015,2015-11-02
1610612752,New York Knicks,1,0,1,0.0,48.0,92.1,101.6,-9.6,0.531,1.7,13.6,0.315,0.8,0.521,0.11,0.382,0.428,91.86,0.392,10,New York Knicks,22015,2015-11-02
1610612760,Oklahoma City Thunder,1,0,1,0.0,48.0,100.3,103.0,-2.7,0.425,0.68,12.5,0.341,0.854,0.618,0.239,0.536,0.56,105.72,0.47,10,Oklahoma City Thunder,22015,2015-11-02
1610612755,Philadelphia 76ers,1,0,1,0.0,48.0,99.9,108.3,-8.4,0.579,1.57,16.8,0.2,0.8,0.463,0.14,0.488,0.526,99.46,0.429,10,Philadelphia 76ers,22015,2015-11-02
1610612756,Phoenix Suns,1,0,1,0.0,48.0,94.8,102.9,-8.1,0.639,2.3,16.4,0.271,0.929,0.545,0.099,0.413,0.448,100.18,0.441,10,Phoenix Suns,22015,2015-11-02
1610612757,Portland Trail Blazers,1,1,0,1.0,48.0,103.1,97.9,5.2,0.439,1.13,13.7,0.25,0.814,0.529,0.156,0.511,0.542,102.98,0.486,10,Portland Trail Blazers,22015,2015-11-02
1610612759,San Antonio Spurs,1,1,0,1.0,48.0,101.6,92.1,9.6,0.538,1.5,17.3,0.2,0.685,0.479,0.151,0.519,0.543,91.86,0.608,10,San Antonio Spurs,22015,2015-11-02
1610612737,Atlanta Hawks,1,1,0,1.0,48.0,98.3,92.9,5.4,0.676,1.56,17.8,0.308,0.729,0.51,0.161,0.45,0.492,99.36,0.562,10,Atlanta Hawks,22015,2015-11-03
1610612766,Charlotte Hornets,1,1,0,1.0,48.0,131.2,102.4,28.7,0.553,2.6,19.0,0.293,0.909,0.612,0.101,0.593,0.643,100.82,0.632,10,Charlotte Hornets,22015,2015-11-03
1610612741,Chicago Bulls,1,0,1,0.0,48.0,102.4,131.2,-28.7,0.591,2.0,19.6,0.091,0.707,0.388,0.127,0.567,0.561,100.82,0.368,10,Chicago Bulls,22015,2015-11-03
1610612742,Dallas Mavericks,1,0,1,0.0,48.0,91.9,102.6,-10.7,0.606,1.25,15.0,0.275,0.75,0.484,0.162,0.424,0.469,99.22,0.392,10,Dallas Mavericks,22015,2015-11-03
1610612743,Denver Nuggets,1,1,0,1.0,48.0,116.9,106.1,10.8,0.698,2.0,20.9,0.275,0.776,0.551,0.146,0.547,0.608,102.68,0.607,10,Denver Nuggets,22015,2015-11-03
1610612765,Detroit Pistons,1,0,1,0.0,48.0,84.1,96.6,-12.5,0.424,0.61,10.7,0.388,0.721,0.543,0.236,0.413,0.439,97.38,0.348,10,Detroit Pistons,22015,2015-11-03
1610612754,Indiana Pacers,1,1,0,1.0,48.0,96.6,84.1,12.5,0.553,1.31,16.1,0.279,0.612,0.457,0.164,0.472,0.504,97.38,0.652,10,Indiana Pacers,22015,2015-11-03
1610612747,Los Angeles Lakers,1,0,1,0.0,48.0,106.1,116.9,-10.8,0.5,1.64,13.7,0.224,0.725,0.449,0.107,0.453,0.531,102.68,0.393,10,Los Angeles Lakers,22015,2015-11-03
1610612763,Memphis Grizzlies,1,1,0,1.0,48.0,104.0,91.2,12.9,0.575,1.35,17.2,0.308,0.826,0.588,0.172,0.5,0.548,98.3,0.625,10,Memphis Grizzlies,22015,2015-11-03
1610612748,Miami Heat,1,0,1,0.0,48.0,92.9,98.3,-5.4,0.342,0.68,10.4,0.271,0.692,0.49,0.192,0.471,0.494,99.36,0.438,10,Miami Heat,22015,2015-11-03
1610612740,New Orleans Pelicans,1,0,1,0.0,48.0,89.5,99.7,-10.2,0.719,1.64,16.7,0.182,0.783,0.455,0.133,0.422,0.465,104.14,0.45,10,New Orleans Pelicans,22015,2015-11-03
1610612753,Orlando Magic,1,1,0,1.0,48.0,99.7,89.5,10.2,0.571,1.33,17.5,0.217,0.818,0.545,0.174,0.506,0.541,104.14,0.55,10,Orlando Magic,22015,2015-11-03
1610612758,Sacramento Kings,1,0,1,0.0,48.0,91.2,104.0,-12.9,0.586,1.21,13.9,0.174,0.692,0.412,0.143,0.439,0.486,98.3,0.375,10,Sacramento Kings,22015,2015-11-03
1610612761,Toronto Raptors,1,1,0,1.0,48.0,102.6,91.9,10.7,0.486,1.13,14.1,0.25,0.725,0.516,0.161,0.482,0.546,99.22,0.608,10,Toronto Raptors,22015,2015-11-03
1610612737,Atlanta Hawks,1,1,0,1.0,48.0,97.8,96.2,1.5,0.595,2.0,17.3,0.2,0.813,0.516,0.114,0.46,0.499,95.88,0.501,10,Atlanta Hawks,22015,2015-11-01
1610612738,Boston Celtics,1,0,1,0.0,48.0,83.5,91.3,-7.8,0.6,1.31,14.9,0.281,0.744,0.469,0.154,0.388,0.418,104.08,0.379,10,Boston Celtics,22015,2015-11-01
1610612766,Charlotte Hornets,1,0,1,0.0,48.0,96.2,97.8,-1.5,0.844,2.25,20.5,0.188,0.8,0.484,0.126,0.453,0.497,95.88,0.499,10,Charlotte Hornets,22015,2015-11-01
1610612741,Chicago Bulls,1,1,0,1.0,48.0,91.4,84.9,6.5,0.697,1.53,17.1,0.262,0.75,0.522,0.149,0.42,0.476,101.58,0.572,10,Chicago Bulls,22015,2015-11-01
1610612742,Dallas Mavericks,1,1,0,1.0,48.0,106.1,91.8,14.4,0.7,2.55,21.0,0.19,0.837,0.538,0.113,0.523,0.548,99.18,0.591,10,Dallas Mavericks,22015,2015-11-01
1610612743,Denver Nuggets,1,0,1,0.0,48.0,93.6,117.1,-23.5,0.571,1.54,15.0,0.275,0.618,0.412,0.131,0.429,0.463,99.64,0.329,10,Denver Nuggets,22015,2015-11-01
1610612745,Houston Rockets,1,0,1,0.0,48.0,87.3,109.8,-22.5,0.625,1.11,16.0,0.075,0.738,0.415,0.177,0.468,0.512,100.58,0.359,10,Houston Rockets,22015,2015-11-01
1610612747,Los Angeles Lakers,1,0,1,0.0,48.0,91.8,106.1,-14.4,0.581,1.5,14.1,0.163,0.81,0.462,0.118,0.424,0.478,99.18,0.409,10,Los Angeles Lakers,22015,2015-11-01
1610612748,Miami Heat,1,1,0,1.0,48.0,109.8,87.3,22.5,0.571,1.6,17.9,0.262,0.925,0.585,0.151,0.541,0.572,100.58,0.641,10,Miami Heat,22015,2015-11-01
1610612749,Milwaukee Bucks,1,0,1,0.0,48.0,96.1,111.8,-15.7,0.724,1.17,17.7,0.2,0.591,0.418,0.199,0.457,0.547,92.68,0.434,10,Milwaukee Bucks,22015,2015-11-01
1610612760,Oklahoma City Thunder,1,1,0,1.0,48.0,117.1,93.6,23.5,0.711,1.68,22.1,0.382,0.725,0.588,0.19,0.599,0.623,99.64,0.671,10,Oklahoma City Thunder,22015,2015-11-01
1610612753,Orlando Magic,1,0,1,0.0,48.0,84.9,91.4,-6.5,0.6,1.24,15.5,0.25,0.738,0.478,0.166,0.428,0.446,101.58,0.428,10,Orlando Magic,22015,2015-11-01
1610612759,San Antonio Spurs,1,1,0,1.0,48.0,91.3,83.5,7.8,0.611,1.1,16.2,0.256,0.719,0.531,0.192,0.464,0.505,104.08,0.621,10,San Antonio Spurs,22015,2015-11-01
1610612761,Toronto Raptors,1,1,0,1.0,48.0,111.8,96.1,15.7,0.537,1.57,16.3,0.409,0.8,0.582,0.148,0.517,0.536,92.68,0.566,10,Toronto Raptors,22015,2015-11-01
1610612738,Boston Celtics,1,1,0,1.0,48.0,119.5,90.0,29.5,0.765,2.44,26.6,0.189,0.708,0.482,0.159,0.644,0.656,102.98,0.676,10,Boston Celtics,22015,2015-11-20
1610612751,Brooklyn Nets,1,0,1,0.0,48.0,90.0,119.5,-29.5,0.486,0.85,12.4,0.292,0.811,0.518,0.189,0.438,0.477,102.98,0.324,10,Brooklyn Nets,22015,2015-11-20
1610612766,Charlotte Hornets,1,1,0,1.0,48.0,116.9,90.1,26.8,0.625,2.27,19.7,0.132,0.8,0.494,0.114,0.568,0.623,97.18,0.636,10,Charlotte Hornets,22015,2015-11-20
1610612741,Chicago Bulls,1,0,1,0.0,48.0,98.8,112.1,-13.3,0.629,1.83,16.7,0.283,0.718,0.467,0.126,0.438,0.479,94.84,0.418,10,Chicago Bulls,22015,2015-11-20
1610612742,Dallas Mavericks,1,1,0,1.0,48.0,111.5,105.4,6.1,0.615,2.67,19.4,0.211,0.591,0.415,0.098,0.518,0.564,89.86,0.61,10,Dallas Mavericks,22015,2015-11-20
1610612743,Denver Nuggets,1,0,1,0.0,48.0,107.6,114.0,-6.4,0.585,2.0,17.5,0.304,0.706,0.475,0.121,0.483,0.527,99.72,0.473,10,Denver Nuggets,22015,2015-11-20
1610612765,Detroit Pistons,1,1,0,1.0,48.0,97.2,86.9,10.4,0.325,0.93,10.9,0.19,0.86,0.529,0.142,0.494,0.518,98.86,0.556,10,Detroit Pistons,22015,2015-11-20
1610612744,Golden State Warriors,1,1,0,1.0,48.0,112.1,98.8,13.3,0.513,1.25,15.9,0.282,0.717,0.533,0.169,0.557,0.592,94.84,0.582,10,Golden State Warriors,22015,2015-11-20
1610612745,Houston Rockets,1,0,1,0.0,48.0,80.6,98.6,-18.1,0.536,0.65,11.7,0.188,0.833,0.51,0.221,0.419,0.465,100.82,0.369,10,Houston Rockets,22015,2015-11-20
1610612746,Los Angeles Clippers,1,0,1,0.0,48.0,94.8,104.6,-9.8,0.632,1.85,18.5,0.208,0.653,0.433,0.135,0.483,0.489,96.8,0.443,10,Los Angeles Clippers,22015,2015-11-20
1610612747,Los Angeles Lakers,1,0,1,0.0,48.0,100.6,113.9,-13.3,0.6,1.4,17.4,0.237,0.727,0.5,0.166,0.506,0.539,90.02,0.47,10,Los Angeles Lakers,22015,2015-11-20
1610612763,Memphis Grizzlies,1,1,0,1.0,48.0,98.6,80.6,18.1,0.722,2.17,19.8,0.167,0.813,0.49,0.123,0.471,0.514,100.82,0.631,10,Memphis Grizzlies,22015,2015-11-20
1610612750,Minnesota Timberwolves,1,0,1,0.0,48.0,86.9,97.2,-10.4,0.515,1.0,13.9,0.14,0.81,0.471,0.172,0.448,0.489,98.86,0.444,10,Minnesota Timberwolves,22015,2015-11-20
1610612740,New Orleans Pelicans,1,1,0,1.0,48.0,105.6,95.7,9.9,0.65,2.6,19.8,0.156,0.902,0.552,0.102,0.5,0.545,96.26,0.564,10,New Orleans Pelicans,22015,2015-11-20
1610612752,New York Knicks,1,1,0,1.0,48.0,96.8,93.6,3.1,0.697,1.15,18.4,0.176,0.588,0.424,0.208,0.542,0.566,96.12,0.578,10,New York Knicks,22015,2015-11-20
1610612760,Oklahoma City Thunder,1,0,1,0.0,48.0,93.6,96.8,-3.1,0.343,0.8,9.3,0.412,0.824,0.576,0.156,0.397,0.441,96.12,0.422,10,Oklahoma City Thunder,22015,2015-11-20
1610612755,Philadelphia 76ers,1,0,1,0.0,48.0,90.1,116.9,-26.8,0.656,1.17,16.4,0.2,0.868,0.506,0.184,0.456,0.496,97.18,0.364,10,Philadelphia 76ers,22015,2015-11-20
1610612756,Phoenix Suns,1,1,0,1.0,48.0,114.0,107.6,6.4,0.55,1.1,16.7,0.294,0.696,0.525,0.2,0.601,0.633,99.72,0.527,10,Phoenix Suns,22015,2015-11-20
1610612757,Portland Trail Blazers,1,1,0,1.0,48.0,104.6,94.8,9.8,0.421,1.14,12.3,0.347,0.792,0.567,0.144,0.467,0.507,96.8,0.557,10,Portland Trail Blazers,22015,2015-11-20
1610612759,San Antonio Spurs,1,0,1,0.0,48.0,95.7,105.6,-9.9,0.647,2.75,18.2,0.098,0.844,0.448,0.085,0.458,0.494,96.26,0.436,10,San Antonio Spurs,22015,2015-11-20
1610612761,Toronto Raptors,1,1,0,1.0,48.0,113.9,100.6,13.3,0.618,1.62,17.1,0.273,0.763,0.5,0.145,0.532,0.576,90.02,0.53,10,Toronto Raptors,22015,2015-11-20
1610612762,Utah Jazz,1,0,1,0.0,48.0,105.4,111.5,-6.1,0.4,0.82,11.6,0.409,0.789,0.585,0.193,0.475,0.521,89.86,0.39,10,Utah Jazz,22015,2015-11-20
1610612737,Atlanta Hawks,1,1,0,1.0,48.0,111.1,96.6,14.5,0.86,2.64,24.7,0.233,0.784,0.488,0.136,0.538,0.578,102.54,0.572,10,Atlanta Hawks,22015,2015-11-07
1610612751,Brooklyn Nets,1,0,1,0.0,48.0,94.1,97.9,-3.7,0.529,1.0,14.2,0.354,0.778,0.559,0.197,0.433,0.476,93.7,0.453,10,Brooklyn Nets,22015,2015-11-07
1610612766,Charlotte Hornets,1,0,1,0.0,48.0,98.3,116.2,-17.9,0.441,1.0,12.9,0.143,0.818,0.44,0.157,0.507,0.542,96.88,0.349,10,Charlotte Hornets,22015,2015-11-07
1610612741,Chicago Bulls,1,0,1,0.0,53.0,82.9,93.7,-10.7,0.606,1.05,14.1,0.185,0.741,0.463,0.169,0.414,0.451,100.08,0.396,10,Chicago Bulls,22015,2015-11-07
1610612742,Dallas Mavericks,1,1,0,1.0,48.0,108.4,101.3,7.1,0.5,1.82,16.0,0.146,0.837,0.5,0.111,0.53,0.571,97.7,0.538,10,Dallas Mavericks,22015,2015-11-07
1610612744,Golden State Warriors,1,1,0,1.0,48.0,98.4,91.2,7.2,0.711,1.5,18.4,0.319,0.705,0.505,0.172,0.457,0.506,103.86,0.552,10,Golden State Warriors,22015,2015-11-07
1610612745,Houston Rockets,1,1,0,1.0,48.0,107.1,105.0,2.1,0.421,1.14,12.4,0.268,0.766,0.534,0.138,0.483,0.552,100.88,0.477,10,Houston Rockets,22015,2015-11-07
1610612746,Los Angeles Clippers,1,0,1,0.0,48.0,105.0,107.1,-2.1,0.69,2.42,20.7,0.234,0.732,0.466,0.12,0.5,0.53,100.88,0.523,10,Los Angeles Clippers,22015,2015-11-07
1610612763,Memphis Grizzlies,1,0,1,0.0,48.0,80.5,94.8,-14.3,0.533,1.14,12.6,0.245,0.775,0.473,0.143,0.363,0.407,96.04,0.365,10,Memphis Grizzlies,22015,2015-11-07
1610612749,Milwaukee Bucks,1,1,0,1.0,48.0,97.9,94.1,3.7,0.73,1.59,20.3,0.222,0.646,0.441,0.177,0.5,0.528,93.7,0.547,10,Milwaukee Bucks,22015,2015-11-07
1610612750,Minnesota Timberwolves,1,1,0,1.0,53.0,93.7,82.9,10.7,0.667,1.73,17.5,0.259,0.815,0.537,0.138,0.443,0.473,100.08,0.604,10,Minnesota Timberwolves,22015,2015-11-07
1610612740,New Orleans Pelicans,1,0,1,0.0,48.0,101.3,108.4,-7.1,0.538,1.75,16.8,0.163,0.854,0.5,0.124,0.506,0.534,97.7,0.462,10,New Orleans Pelicans,22015,2015-11-07
1610612753,Orlando Magic,1,1,0,1.0,48.0,108.7,98.5,10.2,0.615,1.85,18.4,0.263,0.756,0.519,0.135,0.506,0.561,97.5,0.57,10,Orlando Magic,22015,2015-11-07
1610612755,Philadelphia 76ers,1,0,1,0.0,48.0,98.5,108.7,-10.2,0.667,1.41,18.1,0.244,0.737,0.481,0.173,0.519,0.53,97.5,0.43,10,Philadelphia 76ers,22015,2015-11-07
1610612758,Sacramento Kings,1,0,1,0.0,48.0,91.2,98.4,-7.2,0.684,1.18,18.3,0.295,0.681,0.495,0.214,0.471,0.5,103.86,0.448,10,Sacramento Kings,22015,2015-11-07
1610612759,San Antonio Spurs,1,1,0,1.0,48.0,116.2,98.3,17.9,0.778,2.69,25.2,0.182,0.857,0.56,0.132,0.611,0.626,96.88,0.651,10,San Antonio Spurs,22015,2015-11-07
1610612762,Utah Jazz,1,1,0,1.0,48.0,94.8,80.5,14.3,0.581,0.86,14.9,0.225,0.755,0.527,0.224,0.5,0.543,96.04,0.635,10,Utah Jazz,22015,2015-11-07
1610612764,Washington Wizards,1,0,1,0.0,48.0,96.6,111.1,-14.5,0.711,1.08,19.6,0.216,0.767,0.513,0.244,0.538,0.579,102.54,0.428,10,Washington Wizards,22015,2015-11-07
1610612737,Atlanta Hawks,1,1,0,1.0,48.0,105.7,92.8,12.9,0.73,1.8,21.0,0.171,0.667,0.442,0.157,0.539,0.583,94.64,0.595,10,Atlanta Hawks,22015,2015-11-04
1610612738,Boston Celtics,1,0,1,0.0,48.0,101.4,103.3,-2.0,0.571,1.05,15.2,0.319,0.618,0.48,0.197,0.482,0.529,96.72,0.507,10,Boston Celtics,22015,2015-11-04
1610612751,Brooklyn Nets,1,0,1,0.0,48.0,92.8,105.7,-12.9,0.667,1.26,18.2,0.333,0.829,0.558,0.203,0.464,0.49,94.64,0.405,10,Brooklyn Nets,22015,2015-11-04
1610612739,Cleveland Cavaliers,1,1,0,1.0,48.0,95.0,90.9,4.1,0.636,1.62,16.0,0.225,0.813,0.545,0.129,0.44,0.494,97.84,0.591,10,Cleveland Cavaliers,22015,2015-11-04
1610612744,Golden State Warriors,1,1,0,1.0,48.0,110.2,107.3,2.9,0.718,2.33,20.2,0.225,0.767,0.506,0.118,0.518,0.568,101.16,0.541,10,Golden State Warriors,22015,2015-11-04
1610612745,Houston Rockets,1,1,0,1.0,53.0,111.3,107.2,4.1,0.667,1.4,18.5,0.356,0.78,0.558,0.187,0.54,0.578,96.6,0.498,10,Houston Rockets,22015,2015-11-04
1610612754,Indiana Pacers,1,1,0,1.0,48.0,103.3,101.4,2.0,0.514,1.29,13.3,0.382,0.681,0.52,0.145,0.429,0.482,96.72,0.493,10,Indiana Pacers,22015,2015-11-04
1610612746,Los Angeles Clippers,1,0,1,0.0,48.0,107.3,110.2,-2.9,0.558,1.85,17.8,0.233,0.775,0.494,0.129,0.534,0.553,101.16,0.459,10,Los Angeles Clippers,22015,2015-11-04
1610612749,Milwaukee Bucks,1,1,0,1.0,48.0,95.3,92.0,3.3,0.686,2.4,18.8,0.17,0.7,0.414,0.105,0.453,0.487,95.04,0.495,10,Milwaukee Bucks,22015,2015-11-04
1610612752,New York Knicks,1,0,1,0.0,48.0,90.9,95.0,-4.1,0.485,1.23,13.4,0.188,0.775,0.455,0.137,0.44,0.475,97.84,0.409,10,New York Knicks,22015,2015-11-04
1610612760,Oklahoma City Thunder,1,0,1,0.0,48.0,101.9,103.9,-2.0,0.667,1.37,19.5,0.25,0.714,0.477,0.198,0.524,0.556,97.66,0.482,10,Oklahoma City Thunder,22015,2015-11-04
1610612753,Orlando Magic,1,0,1,0.0,53.0,107.2,111.3,-4.1,0.609,1.75,19.5,0.22,0.644,0.442,0.15,0.544,0.574,96.6,0.502,10,Orlando Magic,22015,2015-11-04
1610612755,Philadelphia 76ers,1,0,1,0.0,48.0,92.0,95.3,-3.3,0.676,1.21,17.7,0.3,0.83,0.586,0.201,0.457,0.497,95.04,0.505,10,Philadelphia 76ers,22015,2015-11-04
1610612756,Phoenix Suns,1,1,0,1.0,48.0,113.8,95.8,18.0,0.6,1.35,19.3,0.257,0.821,0.554,0.193,0.627,0.637,102.48,0.628,10,Phoenix Suns,22015,2015-11-04
1610612757,Portland Trail Blazers,1,1,0,1.0,48.0,111.2,96.3,14.9,0.268,0.58,9.1,0.351,0.686,0.545,0.196,0.604,0.593,96.3,0.585,10,Portland Trail Blazers,22015,2015-11-04
1610612758,Sacramento Kings,1,0,1,0.0,48.0,95.8,113.8,-18.0,0.625,1.32,18.8,0.179,0.743,0.446,0.188,0.542,0.543,102.48,0.372,10,Sacramento Kings,22015,2015-11-04
1610612759,San Antonio Spurs,1,0,1,0.0,48.0,97.2,102.9,-5.6,0.568,1.0,15.9,0.237,0.909,0.598,0.206,0.5,0.551,100.48,0.468,10,San Antonio Spurs,22015,2015-11-04
1610612761,Toronto Raptors,1,1,0,1.0,48.0,103.9,101.9,2.0,0.364,0.8,9.7,0.286,0.75,0.523,0.151,0.449,0.536,97.66,0.518,10,Toronto Raptors,22015,2015-11-04
1610612762,Utah Jazz,1,0,1,0.0,48.0,96.3,111.2,-14.9,0.273,1.0,7.5,0.314,0.649,0.455,0.094,0.403,0.449,96.3,0.415,10,Utah Jazz,22015,2015-11-04
1610612764,Washington Wizards,1,1,0,1.0,48.0,102.9,97.2,5.6,0.643,2.7,20.7,0.091,0.763,0.402,0.101,0.529,0.547,100.48,0.532,10,Washington Wizards,22015,2015-11-04
1610612766,Charlotte Hornets,1,1,0,1.0,48.0,108.6,95.1,13.5,0.432,1.73,15.0,0.182,0.833,0.522,0.111,0.528,0.56,99.18,0.547,10,Charlotte Hornets,22015,2015-11-05
1610612741,Chicago Bulls,1,1,0,1.0,48.0,110.4,105.6,4.8,0.5,3.33,16.0,0.239,0.8,0.516,0.064,0.483,0.524,93.52,0.518,10,Chicago Bulls,22015,2015-11-05
1610612742,Dallas Mavericks,1,0,1,0.0,48.0,95.1,108.6,-13.5,0.531,1.31,13.7,0.167,0.818,0.478,0.131,0.427,0.501,99.18,0.453,10,Dallas Mavericks,22015,2015-11-05
1610612743,Denver Nuggets,1,0,1,0.0,48.0,93.4,104.9,-11.6,0.571,1.14,13.7,0.262,0.739,0.511,0.156,0.424,0.483,90.72,0.462,10,Denver Nuggets,22015,2015-11-05
1610612763,Memphis Grizzlies,1,0,1,0.0,48.0,107.6,126.7,-19.1,0.541,2.0,17.2,0.175,0.674,0.434,0.112,0.526,0.557,90.02,0.437,10,Memphis Grizzlies,22015,2015-11-05
1610612748,Miami Heat,1,1,0,1.0,48.0,100.0,83.4,16.6,0.378,0.88,12.0,0.171,0.778,0.488,0.167,0.513,0.552,98.34,0.61,10,Miami Heat,22015,2015-11-05
1610612750,Minnesota Timberwolves,1,0,1,0.0,48.0,83.4,100.0,-16.6,0.533,1.0,12.6,0.222,0.829,0.512,0.159,0.376,0.444,98.34,0.39,10,Minnesota Timberwolves,22015,2015-11-05
1610612760,Oklahoma City Thunder,1,0,1,0.0,48.0,105.6,110.4,-4.8,0.553,2.33,17.1,0.2,0.761,0.484,0.097,0.482,0.528,93.52,0.482,10,Oklahoma City Thunder,22015,2015-11-05
1610612757,Portland Trail Blazers,1,1,0,1.0,48.0,126.7,107.6,19.1,0.659,3.22,21.7,0.326,0.825,0.566,0.099,0.592,0.6,90.02,0.563,10,Portland Trail Blazers,22015,2015-11-05
1610612762,Utah Jazz,1,1,0,1.0,48.0,104.9,93.4,11.6,0.622,2.09,18.2,0.261,0.738,0.489,0.12,0.5,0.519,90.72,0.538,10,Utah Jazz,22015,2015-11-05
1610612737,Atlanta Hawks,1,1,0,1.0,48.0,97.3,93.3,4.0,0.639,1.53,17.6,0.163,0.74,0.455,0.15,0.482,0.523,100.2,0.525,10,Atlanta Hawks,22015,2015-10-30
1610612738,Boston Celtics,1,0,1,0.0,48.0,91.1,102.4,-11.2,0.719,1.35,16.1,0.137,0.775,0.418,0.15,0.418,0.5,111.72,0.431,10,Boston Celtics,22015,2015-10-30
1610612751,Brooklyn Nets,1,0,1,0.0,48.0,77.6,104.4,-26.7,0.548,1.13,14.7,0.043,0.714,0.364,0.155,0.435,0.449,97.16,0.311,10,Brooklyn Nets,22015,2015-10-30
1610612766,Charlotte Hornets,1,0,1,0.0,48.0,93.3,97.3,-4.0,0.639,1.15,16.8,0.26,0.837,0.545,0.199,0.477,0.501,100.2,0.475,10,Charlotte Hornets,22015,2015-10-30
1610612741,Chicago Bulls,1,0,1,0.0,53.0,87.5,88.0,-0.5,0.529,0.9,13.5,0.163,0.677,0.45,0.186,0.446,0.492,99.06,0.519,10,Chicago Bulls,22015,2015-10-30
1610612739,Cleveland Cavaliers,1,1,0,1.0,48.0,110.6,98.2,12.4,0.641,2.27,19.0,0.304,0.854,0.563,0.119,0.488,0.535,92.96,0.551,10,Cleveland Cavaliers,22015,2015-10-30
1610612743,Denver Nuggets,1,0,1,0.0,48.0,76.6,95.0,-18.3,0.517,1.0,11.2,0.288,0.829,0.51,0.147,0.332,0.376,100.92,0.289,10,Denver Nuggets,22015,2015-10-30
1610612765,Detroit Pistons,1,1,0,1.0,53.0,88.0,87.5,0.5,0.462,1.2,12.1,0.323,0.837,0.55,0.135,0.404,0.421,99.06,0.481,10,Detroit Pistons,22015,2015-10-30
1610612744,Golden State Warriors,1,1,0,1.0,48.0,110.9,89.5,21.4,0.605,3.25,18.8,0.229,0.75,0.49,0.079,0.511,0.538,101.92,0.613,10,Golden State Warriors,22015,2015-10-30
1610612745,Houston Rockets,1,0,1,0.0,48.0,89.5,110.9,-21.4,0.633,1.12,14.2,0.25,0.771,0.51,0.165,0.396,0.47,101.92,0.387,10,Houston Rockets,22015,2015-10-30
1610612747,Los Angeles Lakers,1,0,1,0.0,48.0,101.9,117.6,-15.8,0.488,1.05,14.3,0.167,0.644,0.398,0.17,0.522,0.565,112.04,0.401,10,Los Angeles Lakers,22015,2015-10-30
1610612748,Miami Heat,1,0,1,0.0,48.0,98.2,110.6,-12.4,0.636,1.62,17.4,0.146,0.696,0.437,0.139,0.468,0.531,92.96,0.449,10,Miami Heat,22015,2015-10-30
1610612749,Milwaukee Bucks,1,0,1,0.0,48.0,108.3,117.6,-9.3,0.786,2.06,23.0,0.171,0.765,0.464,0.153,0.555,0.599,102.34,0.468,10,Milwaukee Bucks,22015,2015-10-30
1610612750,Minnesota Timberwolves,1,1,0,1.0,48.0,95.0,76.6,18.3,0.6,1.0,14.4,0.171,0.712,0.49,0.18,0.437,0.533,100.92,0.711,10,Minnesota Timberwolves,22015,2015-10-30
1610612760,Oklahoma City Thunder,1,1,0,1.0,58.0,110.6,107.3,3.2,0.38,0.9,11.4,0.386,0.741,0.559,0.167,0.491,0.548,104.46,0.508,10,Oklahoma City Thunder,22015,2015-10-30
1610612753,Orlando Magic,1,0,1,0.0,58.0,107.3,110.6,-3.2,0.532,1.39,15.1,0.259,0.614,0.441,0.142,0.5,0.554,104.46,0.492,10,Orlando Magic,22015,2015-10-30
1610612755,Philadelphia 76ers,1,0,1,0.0,48.0,78.6,105.3,-26.7,0.789,0.79,13.2,0.174,0.705,0.433,0.21,0.349,0.448,92.14,0.265,10,Philadelphia 76ers,22015,2015-10-30
1610612756,Phoenix Suns,1,1,0,1.0,48.0,99.6,86.5,13.1,0.459,0.85,12.3,0.262,0.8,0.567,0.181,0.47,0.542,108.42,0.69,10,Phoenix Suns,22015,2015-10-30
1610612757,Portland Trail Blazers,1,0,1,0.0,48.0,86.5,99.6,-13.1,0.5,0.74,12.7,0.2,0.738,0.433,0.216,0.448,0.487,108.42,0.31,10,Portland Trail Blazers,22015,2015-10-30
1610612758,Sacramento Kings,1,1,0,1.0,48.0,117.6,101.9,15.8,0.5,1.86,16.9,0.356,0.833,0.602,0.125,0.545,0.578,112.04,0.599,10,Sacramento Kings,22015,2015-10-30
1610612759,San Antonio Spurs,1,1,0,1.0,48.0,104.4,77.6,26.7,0.575,1.28,17.3,0.286,0.957,0.636,0.184,0.517,0.556,97.16,0.689,10,San Antonio Spurs,22015,2015-10-30
1610612761,Toronto Raptors,1,1,0,1.0,48.0,102.4,91.1,11.2,0.639,1.05,16.2,0.225,0.863,0.582,0.199,0.506,0.58,111.72,0.569,10,Toronto Raptors,22015,2015-10-30
1610612762,Utah Jazz,1,1,0,1.0,48.0,105.3,78.6,26.7,0.528,2.38,15.1,0.295,0.826,0.567,0.085,0.449,0.5,92.14,0.735,10,Utah Jazz,22015,2015-10-30
1610612764,Washington Wizards,1,1,0,1.0,48.0,117.6,108.3,9.3,0.714,1.19,18.7,0.235,0.829,0.536,0.209,0.603,0.675,102.34,0.532,10,Washington Wizards,22015,2015-10-30
1610612751,Brooklyn Nets,1,0,1,0.0,48.0,100.1,111.8,-11.7,0.553,1.75,17.5,0.205,0.761,0.506,0.132,0.5,0.523,90.62,0.446,10,Brooklyn Nets,22015,2015-10-31
1610612744,Golden State Warriors,1,1,0,1.0,48.0,125.9,109.0,17.0,0.565,2.6,19.2,0.086,0.686,0.442,0.094,0.649,0.674,108.26,0.579,10,Golden State Warriors,22015,2015-10-31
1610612754,Indiana Pacers,1,0,1,0.0,48.0,79.0,99.1,-20.1,0.357,0.42,8.8,0.179,0.643,0.42,0.249,0.429,0.48,97.08,0.347,10,Indiana Pacers,22015,2015-10-31
1610612746,Los Angeles Clippers,1,1,0,1.0,48.0,106.3,101.9,4.4,0.641,1.47,18.1,0.167,0.648,0.456,0.159,0.539,0.592,107.12,0.597,10,Los Angeles Clippers,22015,2015-10-31
1610612763,Memphis Grizzlies,1,1,0,1.0,48.0,111.8,100.1,11.7,0.765,2.89,20.4,0.239,0.795,0.494,0.1,0.481,0.547,90.62,0.554,10,Memphis Grizzlies,22015,2015-10-31
1610612740,New Orleans Pelicans,1,0,1,0.0,48.0,109.0,125.9,-17.0,0.478,1.38,14.9,0.314,0.914,0.558,0.145,0.5,0.545,108.26,0.421,10,New Orleans Pelicans,22015,2015-10-31
1610612752,New York Knicks,1,1,0,1.0,48.0,106.3,97.8,8.5,0.512,1.11,15.0,0.22,0.738,0.482,0.173,0.529,0.585,111.3,0.556,10,New York Knicks,22015,2015-10-31
1610612756,Phoenix Suns,1,1,0,1.0,48.0,98.0,92.5,5.5,0.41,1.23,12.3,0.239,0.787,0.516,0.126,0.473,0.5,100.18,0.554,10,Phoenix Suns,22015,2015-10-31
1610612757,Portland Trail Blazers,1,0,1,0.0,48.0,92.5,98.0,-5.5,0.606,1.25,15.7,0.213,0.761,0.484,0.164,0.468,0.493,100.18,0.446,10,Portland Trail Blazers,22015,2015-10-31
1610612758,Sacramento Kings,1,0,1,0.0,48.0,101.9,106.3,-4.4,0.465,1.43,13.7,0.352,0.833,0.544,0.131,0.455,0.487,107.12,0.403,10,Sacramento Kings,22015,2015-10-31
1610612762,Utah Jazz,1,1,0,1.0,48.0,99.1,79.0,20.1,0.385,0.88,11.7,0.357,0.821,0.58,0.174,0.477,0.506,97.08,0.653,10,Utah Jazz,22015,2015-10-31
1610612764,Washington Wizards,1,0,1,0.0,48.0,97.8,106.3,-8.5,0.447,0.89,12.1,0.262,0.78,0.518,0.169,0.456,0.526,111.3,0.444,10,Washington Wizards,22015,2015-10-31
